{
    "id": 48,
    "description": "Dato un albero di tipo AlberoBinario, ritorna il numero di nodi che nell'albero hanno esattamente 2 figli.",
    "text": "\n    Si definisca la funzione es48(tree) ricorsiva (o che fa uso di funzioni o metodi ricorsive/i) che:\n    - riceve come argomento 'tree' un  albero  formato da nodi di tipo\n      AlberoBinario definito nella libreria albero.py allegata\n    - calcola il numero di nodi che nell'albero hanno ESATTAMENTE due figli\n    - torna come risultato il numero calcolato\n    Esempio: se l'albero e':\n\n             7\n            /\\\n           1  3\n          / \\\n        4    6\n       /    /\n      5    2\n     /     \\\n    9       8\n\nNell'albero ci sono solo due nodi con esattamente due figli (il nodo con valore 7 ed il nodo\ncon valore 1) cosi'  la funzione tornera' il valore 2.\n    ",
    "algorithm": "Se il nodo e' nullo:\n\tritorna 0\ndichiara una variabile count = la funzione chiamata sul figlio sinistro + la funzione chiamata sul figlio destro\nse il nodo ha figlio sinistro e figlio destro:\n\tincrementa count di 1\nritorna count",
    "tags": ["Alberi", "Ricorsione"],
    "effort": 2,
    "clues": [],
    "from": "recupero-19-9-18"
}